{"type": "metrics", "dataset": "train", "precision": 0.801078267335936, "balanced_accuracy": 0.9230111258481976, "recall": 0.911957671957672, "f1_score": 0.852929532858274}
{"type": "metrics", "dataset": "test", "precision": 0.5596432552954292, "balanced_accuracy": 0.7075326281802026, "recall": 0.5267576075550892, "f1_score": 0.5427027027027027}
{"type": "cm_matrix", "dataset": "train", "true_0": {"predicted_0": 15158, "predicted_1": 1070}, "true_1": {"predicted_0": 416, "predicted_1": 4309}}
{"type": "cm_matrix", "dataset": "test", "true_0": {"predicted_0": 6283, "predicted_1": 790}, "true_1": {"predicted_0": 902, "predicted_1": 1004}}
